Ticker,Company
TSM,Taiwan Semiconductor Manufacturing Company Limited
BRK.B,Berkshire Hathaway Inc.
BRK.A,Berkshire Hathaway Inc.
LLY,Eli Lilly and Company
JPM,JPMorgan Chase & Co.
V,Visa Inc.
JNJ,Johnson & Johnson
XOM,ExxonMobil Holdings Corporation
MA,Mastercard Incorporated
ABBV,AbbVie Inc.
BAC,Bank of America Corporation
ORCL,Oracle Corporation
CVX,Chevron Corporation
KO,The Coca-Cola Company
CAT,Caterpillar Inc.
MRK,"Merck & Co., Inc."
GE,GE Aerospace
UNH,UnitedHealth Group Incorporated
HSBC,HSBC Holdings plc
PG,The Procter & Gamble Company
MS,Morgan Stanley
HD,"The Home Depot, Inc."
GS,"The Goldman Sachs Group, Inc."
PM,Philip Morris International Inc.
NVS,Novartis AG
DELL,Dell Technologies Inc.
RY,Royal Bank of Canada
RTX,RTX Corporation
BABA,Alibaba Group Holding Limited
AZN,AstraZeneca PLC
WFC,Wells Fargo & Company
ANET,"Arista Networks, Inc."
MUFG,"Mitsubishi UFJ Financial Group, Inc."
GEV,GE Vernova Inc.
SHEL,Shell plc
BHP,BHP Group Limited
SAP,SAP SE
TMO,Thermo Fisher Scientific Inc.
TM,Toyota Motor Corporation
AXP,American Express Company
C,Citigroup Inc.
IBM,International Business Machines Corporation
SAN,"Banco Santander, S.A."
NVO,Novo Nordisk A/S
VZ,Verizon Communications Inc.
APH,Amphenol Corporation
ABT,Abbott Laboratories
TD,The Toronto-Dominion Bank
TTE,TotalEnergies SE
BLK,"BlackRock, Inc."
DIS,The Walt Disney Company
SCHW,The Charles Schwab Corporation
MCD,McDonald's Corporation
UNP,Union Pacific Corporation
SCCO,Southern Copper Corporation
RIO,Rio Tinto Group
BX,Blackstone Inc.
T,AT&T Inc.
NEE,"NextEra Energy, Inc."
WELL,Welltower Inc.
DE,Deere & Company
CRM,"Salesforce, Inc."
BA,The Boeing Company
UBS,UBS Group AG
ETN,Eaton Corporation plc
PFE,Pfizer Inc.
BBVA,"Banco Bilbao Vizcaya Argentaria, S.A."
SMFG,"Sumitomo Mitsui Financial Group, Inc."
UBER,"Uber Technologies, Inc."
COP,ConocoPhillips
BUD,Anheuser-Busch InBev SA/NV
DHR,Danaher Corporation
TJX,"The TJX Companies, Inc."
SONY,Sony Group Corporation
UL,Unilever PLC
NEM,Newmont Corporation
PLD,"Prologis, Inc."
BMY,Bristol-Myers Squibb Company
COF,Capital One Financial Corporation
CB,Chubb Limited
GLW,Corning Incorporated
PH,Parker-Hannifin Corporation
LMT,Lockheed Martin Corporation
NOW,"ServiceNow, Inc."
PGR,The Progressive Corporation
SPGI,S&P Global Inc.
MFG,"Mizuho Financial Group, Inc."
SYK,Stryker Corporation
BTI,British American Tobacco p.l.c.
CVS,CVS Health Corporation
BMO,Bank of Montreal
LOW,"Lowe's Companies, Inc."
MDT,Medtronic plc
HDB,HDFC Bank Limited
MO,"Altria Group, Inc."
BNS,The Bank of Nova Scotia
FCX,Freeport-McMoRan Inc.
SPOT,Spotify Technology S.A.
ACN,Accenture plc
BNY,The Bank of New York Mellon Corporation
PBR,Petróleo Brasileiro S.A. - Petrobras
PBR.A,Petróleo Brasileiro S.A. - Petrobras
ENB,Enbridge Inc.
BP,BP p.l.c.
SNOW,Snowflake Inc.
AEM,Agnico Eagle Mines Limited
CM,Canadian Imperial Bank of Commerce
IBN,ICICI Bank Limited
HWM,Howmet Aerospace Inc.
MCK,McKesson Corporation
GSK,GSK plc
SO,The Southern Company
SOMN,The Southern Company
GD,General Dynamics Corporation
CNQ,Canadian Natural Resources Limited
TT,Trane Technologies plc
MPC,Marathon Petroleum Corporation
ING,ING Groep N.V.
VRT,Vertiv Holdings Co
NET,"Cloudflare, Inc."
VLO,Valero Energy Corporation
EQNR,Equinor ASA
USB,U.S. Bancorp
PNC,"The PNC Financial Services Group, Inc."
KKR,KKR & Co. Inc.
PSX,Phillips 66
DUK,Duke Energy Corporation
BN,Brookfield Corporation
MMM,3M Company
PWR,"Quanta Services, Inc."
HCA,"HCA Healthcare, Inc."
MRSH,"Marsh & McLennan Companies, Inc."
BCS,Barclays PLC
WMB,"The Williams Companies, Inc."
ICE,"Intercontinental Exchange, Inc."
UPS,"United Parcel Service, Inc."
MCO,Moody's Corporation
WM,"Waste Management, Inc."
EMR,Emerson Electric Co.
LYG,Lloyds Banking Group plc
ITUB,Itaú Unibanco Holding S.A.
JCI,Johnson Controls International plc
ELV,"Elevance Health, Inc."
EPD,Enterprise Products Partners L.P.
SHW,The Sherwin-Williams Company
CP,Canadian Pacific Kansas City Limited
BAM,Brookfield Asset Management Ltd.
CVNA,Carvana Co.
SPG,"Simon Property Group, Inc."
AMT,American Tower Corporation
ASX,"ASE Technology Holding Co., Ltd."
ECL,Ecolab Inc.
ITW,Illinois Tool Works Inc.
MSI,"Motorola Solutions, Inc."
NGG,National Grid plc
RACE,Ferrari N.V.
CMI,Cummins Inc.
SLB,SLB N.V.
FDX,FedEx Corporation
NSC,Norfolk Southern Corporation
APO,"Apollo Global Management, Inc."
E,Eni S.p.A.
NOC,Northrop Grumman Corporation
RCL,Royal Caribbean Cruises Ltd.
TRV,"The Travelers Companies, Inc."
B,Barrick Mining Corporation
CNI,Canadian National Railway Company
SU,Suncor Energy Inc.
EOG,"EOG Resources, Inc."
GM,General Motors Company
DB,Deutsche Bank Aktiengesellschaft
AON,Aon plc
HLT,Hilton Worldwide Holdings Inc.
NWG,NatWest Group plc
TGT,Target Corporation
CI,The Cigna Group
ET,Energy Transfer LP
CL,Colgate-Palmolive Company
NU,Nu Holdings Ltd.
HPE,Hewlett Packard Enterprise Company
DLR,"Digital Realty Trust, Inc."
SE,Sea Limited
MFC,Manulife Financial Corporation
KMI,"Kinder Morgan, Inc."
AMX,"América Móvil, S.A.B. de C.V."
WPM,Wheaton Precious Metals Corp.
BSX,Boston Scientific Corporation
APD,"Air Products and Chemicals, Inc."
RSG,"Republic Services, Inc."
AJG,Arthur J. Gallagher & Co.
TDG,TransDigm Group Incorporated
ALL,The Allstate Corporation
URI,"United Rentals, Inc."
TRP,TC Energy Corporation
VALE,Vale S.A.
CRH,CRH plc
BE,Bloom Energy Corporation
TRGP,Targa Resources Corp.
GWW,"W.W. Grainger, Inc."
COR,"Cencora, Inc."
TFC,Truist Financial Corporation
RELX,RELX PLC
MET,"MetLife, Inc."
PSA,Public Storage
AU,AngloGold Ashanti plc
MPLX,MPLX LP
OKE,"ONEOK, Inc."
TEL,TE Connectivity plc
O,Realty Income Corporation
AFL,Aflac Incorporated
D,"Dominion Energy, Inc."
TAK,Takeda Pharmaceutical Company Limited
LNG,"Cheniere Energy, Inc."
OXY,Occidental Petroleum Corporation
CVE,Cenovus Energy Inc.
COHR,Coherent Corp.
NOK,Nokia Oyj
NUE,Nucor Corporation
NKE,"NIKE, Inc."
CIEN,Ciena Corporation
FIX,"Comfort Systems USA, Inc."
MT,ArcelorMittal S.A.
AME,"AMETEK, Inc."
SRE,Sempra
GRMN,Garmin Ltd.
CAH,"Cardinal Health, Inc."
F,Ford Motor Company
CTVA,"Corteva, Inc."
KEYS,"Keysight Technologies, Inc."
DAL,"Delta Air Lines, Inc."
DVN,Devon Energy Corporation
STT,State Street Corporation
DEO,Diageo plc
EW,Edwards Lifesciences Corporation
BDX,"Becton, Dickinson and Company"
VMRK,Vivmark Residential
FNV,Franco-Nevada Corporation
WAB,Westinghouse Air Brake Technologies Corporation
ETR,Entergy Corporation
FITB,Fifth Third Bancorp
XYZ,"Block, Inc."
AMP,"Ameriprise Financial, Inc."
LHX,"L3Harris Technologies, Inc."
AZO,"AutoZone, Inc."
CARR,Carrier Global Corporation
HEI,HEICO Corporation
VTR,"Ventas, Inc."
ROK,"Rockwell Automation, Inc."
INFY,Infosys Limited
CMG,"Chipotle Mexican Grill, Inc."
VST,Vistra Corp.
HUM,Humana Inc.
ARES,Ares Management Corporation
UMC,United Microelectronics Corporation
CCJ,Cameco Corporation
ABEV,Ambev S.A.
FERG,Ferguson Enterprises Inc.
HLN,Haleon plc
TEVA,Teva Pharmaceutical Industries Limited
STM,STMicroelectronics N.V.
SLF,Sun Life Financial Inc.
A,"Agilent Technologies, Inc."
CBRE,"CBRE Group, Inc."
WDS,Woodside Energy Group Ltd
IX,ORIX Corporation
GFI,Gold Fields Limited
IQV,IQVIA Holdings Inc.
KB,KB Financial Group Inc.
LYV,"Live Nation Entertainment, Inc."
YUM,"Yum! Brands, Inc."
WCN,"Waste Connections, Inc."
DHI,"D.R. Horton, Inc."
PRU,"Prudential Financial, Inc."
MSCI,MSCI Inc.
HEI.A,HEICO Corporation
WAT,Waters Corporation
HMC,"Honda Motor Co., Ltd."
VIK,Viking Holdings Ltd
AIG,"American International Group, Inc."
PCG,PG&E Corporation
ED,"Consolidated Edison, Inc."
SYY,Sysco Corporation
VEEV,Veeva Systems Inc.
RKT,"Rocket Companies, Inc."
ADM,Archer-Daniels-Midland Company
KGC,Kinross Gold Corporation
EL,The Estée Lauder Companies Inc.
HIG,"The Hartford Insurance Group, Inc."
FMX,"Fomento Económico Mexicano, S.A.B. de C.V."
MLM,"Martin Marietta Materials, Inc."
SHG,"Shinhan Financial Group Co., Ltd."
HSY,The Hershey Company
KVUE,Kenvue Inc.
PEG,Public Service Enterprise Group Incorporated
P,"Everpure, Inc."
IRM,Iron Mountain Incorporated
UI,Ubiquiti Inc.
QSR,Restaurant Brands International Inc.
KR,The Kroger Co.
VG,"Venture Global, Inc."
TKO,"TKO Group Holdings, Inc."
VMC,Vulcan Materials Company
CLS,Celestica Inc.
ALC,Alcon Inc.
NTR,Nutrien Ltd.
TWLO,Twilio Inc.
PUK,Prudential plc
CCL,Carnival Corporation Ltd.
WEC,"WEC Energy Group, Inc."
TECK,Teck Resources Limited
MTB,M&T Bank Corporation
EQT,EQT Corporation
EC,Ecopetrol S.A.
RMD,ResMed Inc.
RJF,"Raymond James Financial, Inc."
EME,"EMCOR Group, Inc."
CQP,"Cheniere Energy Partners, L.P."
CHT,"Chunghwa Telecom Co., Ltd."
BBD,Banco Bradesco S.A.
BBDO,Banco Bradesco S.A.
JBL,Jabil Inc.
CNC,Centene Corporation
CCI,Crown Castle Inc.
ZTS,Zoetis Inc.
EXR,Extra Space Storage Inc.
IR,Ingersoll Rand Inc.
SUNB,"Sunbelt Rentals Holdings, Inc."
BAP,Credicorp Ltd.
LVS,Las Vegas Sands Corp.
RDDT,"Reddit, Inc."
AEE,Ameren Corporation
CPNG,"Coupang, Inc."
CFG,"Citizens Financial Group, Inc."
FTI,TechnipFMC plc
NMR,"Nomura Holdings, Inc."
TDY,Teledyne Technologies Incorporated
ATI,ATI Inc.
HAL,Halliburton Company
EIX,Edison International
DTE,DTE Energy Company
ATO,Atmos Energy Corporation
VICI,VICI Properties Inc.
PBA,Pembina Pipeline Corporation
FTS,Fortis Inc.
MTD,Mettler-Toledo International Inc.
WSM,"Williams-Sonoma, Inc."
HPQ,HP Inc.
DOV,Dover Corporation
OTIS,Otis Worldwide Corporation
AWK,"American Water Works Company, Inc."
TS,Tenaris S.A.
LH,Labcorp Holdings Inc.
DG,Dollar General Corporation
DGX,Quest Diagnostics Incorporated
FE,FirstEnergy Corp.
ES,Eversource Energy
RBLX,Roblox Corporation
CPAY,"Corpay, Inc."
WRB,W. R. Berkley Corporation
SN,"SharkNinja, Inc."
XYL,Xylem Inc.
Q,"Qnity Electronics, Inc."
PPL,PPL Corporation
PHG,Koninklijke Philips N.V.
CIB,Grupo Cibest S.A.
RF,Regions Financial Corporation
CNP,"CenterPoint Energy, Inc."
TPR,"Tapestry, Inc."
SW,Smurfit Westrock Plc
SYF,Synchrony Financial
TPL,Texas Pacific Land Corporation
PPG,"PPG Industries, Inc."
NVT,nVent Electric plc
HUBB,Hubbell Incorporated
DRI,"Darden Restaurants, Inc."
AMRZ,Amrize AG
EXPD,"Expeditors International of Washington, Inc."
WST,"West Pharmaceutical Services, Inc."
GPN,Global Payments Inc.
FICO,Fair Isaac Corporation
NRG,"NRG Energy, Inc."
CHD,"Church & Dwight Co., Inc."
PHM,"PulteGroup, Inc."
BRO,"Brown & Brown, Inc."
IHG,InterContinental Hotels Group PLC
KOF,"Coca-Cola FEMSA, S.A.B. de C.V."
OMC,Omnicom Group Inc.
VLTO,Veralto Corporation
CRS,Carpenter Technology Corporation
KEY,KeyCorp
USFD,US Foods Holding Corp.
IOT,Samsara Inc.
AER,AerCap Holdings N.V.
STE,STERIS plc
STZ,"Constellation Brands, Inc."
CW,Curtiss-Wright Corporation
CRCL,"Circle Internet Group, Inc."
L,Loews Corporation
XPO,"XPO, Inc."
MKL,Markel Group Inc.
EFX,Equifax Inc.
SQM,Sociedad Química y Minera de Chile S.A.
IFF,International Flavors & Fragrances Inc.
BEP,Brookfield Renewable Partners L.P.
THC,Tenet Healthcare Corporation
CDE,"Coeur Mining, Inc."
PAAS,Pan American Silver Corp.
IP,International Paper Company
DOW,Dow Inc.
BCE,BCE Inc.
PKG,Packaging Corporation of America
AMCR,Amcor plc
BG,Bunge Global SA
CMS,CMS Energy Corporation
RL,Ralph Lauren Corporation
BSBR,Banco Santander (Brasil) S.A.
GIS,"General Mills, Inc."
TOST,"Toast, Inc."
BCH,Banco de Chile
LEN,Lennar Corporation
YPF,YPF Sociedad Anónima
FIS,"Fidelity National Information Services, Inc."
LEN.B,Lennar Corporation
BR,"Broadridge Financial Solutions, Inc."
SNA,Snap-on Incorporated
BEKE,KE Holdings Inc.
SNX,TD SYNNEX Corporation
LYB,LyondellBasell Industries N.V.
WES,"Western Midstream Partners, LP"
RCI,Rogers Communications Inc.
RS,"Reliance, Inc."
LUV,Southwest Airlines Co.
TSN,"Tyson Foods, Inc."
RBRK,"Rubrik, Inc."
BURL,"Burlington Stores, Inc."
NI,NiSource Inc.
MTZ,"MasTec, Inc."
FDXF,"FedEx Freight Holding Company, Inc."
U,Unity Software Inc.
ZBH,"Zimmer Biomet Holdings, Inc."
GPC,Genuine Parts Company
ESS,"Essex Property Trust, Inc."
PR,Permian Resources Corporation
CF,"CF Industries Holdings, Inc."
ITT,ITT Inc.
DD,"DuPont de Nemours, Inc."
VIV,Telefônica Brasil S.A.
BBY,"Best Buy Co., Inc."
WIT,Wipro Limited
OWL,Blue Owl Capital Inc.
FTV,Fortive Corporation
AS,"Amer Sports, Inc."
BIP,Brookfield Infrastructure Partners L.P.
PKX,POSCO Holdings Inc.
APG,APi Group Corporation
BEN,Franklin Templeton Inc.
OVV,Ovintiv Inc.
JLL,Jones Lang LaSalle Incorporated
J,Jacobs Solutions Inc.
INVH,Invitation Homes Inc.
ROL,"Rollins, Inc."
MGA,Magna International Inc.
JHX,James Hardie Industries plc
WY,Weyerhaeuser Company
IEX,IDEX Corporation
LDOS,"Leidos Holdings, Inc."
NLY,"Annaly Capital Management, Inc."
WF,Woori Financial Group Inc.
DINO,HF Sinclair Corporation
SBS,Companhia de Saneamento Básico do Estado de São Paulo - SABESP
FLUT,Flutter Entertainment plc
NVR,"NVR, Inc."
BALL,Ball Corporation
WCC,"WESCO International, Inc."
PS,Pershing Square Inc.
H,Hyatt Hotels Corporation
BSAC,Banco Santander-Chile
CLH,"Clean Harbors, Inc."
RBC,RBC Bearings Incorporated
WPC,W. P. Carey Inc.
ZTO,ZTO Express (Cayman) Inc.
TRU,TransUnion
KIM,Kimco Realty Corporation
YUMC,"Yum China Holdings, Inc."
PFGC,Performance Food Group Company
RGA,"Reinsurance Group of America, Incorporated"
CX,"CEMEX, S.A.B. de C.V."
GWRE,"Guidewire Software, Inc."
IONQ,"IonQ, Inc."
RBA,"RB Global, Inc."
ALB,Albemarle Corporation
KEP,Korea Electric Power Corporation
AGI,Alamos Gold Inc.
ARMK,Aramark
FN,Fabrinet
MAA,"Mid-America Apartment Communities, Inc."
SOLV,Solventum Corporation
EMA,Emera Incorporated
SUI,"Sun Communities, Inc."
TU,TELUS Corporation
PNFP,"Pinnacle Financial Partners, Inc."
SKM,"SK Telecom Co., Ltd."
LTM,LATAM Airlines Group S.A.
DOC,"Healthpeak Properties, Inc."
ULS,UL Solutions Inc.
STLA,Stellantis N.V.
SWK,"Stanley Black & Decker, Inc."
BMNR,"Bitmine Immersion Technologies, Inc."
BNT,Brookfield Wealth Solutions Ltd.
GIB,CGI Inc.
DT,"Dynatrace, Inc."
GFL,GFL Environmental Inc.
OHI,"Omega Healthcare Investors, Inc."
MKC,"McCormick & Company, Incorporated"
MKC.V,"McCormick & Company, Incorporated"
JBS,JBS N.V.
EG,"Everest Group, Ltd."
IVZ,Invesco Ltd.
QXO,"QXO, Inc."
CRBG,"Corebridge Financial, Inc."
CSL,Carlisle Companies Incorporated
UNM,Unum Group
TLK,Perusahaan Perseroan (Persero) PT Telekomunikasi Indonesia Tbk
MAS,Masco Corporation
TYL,"Tyler Technologies, Inc."
FIG,"Figma, Inc."
CNH,CNH Industrial N.V.
TXT,Textron Inc.
ONTO,Onto Innovation Inc.
MAIR,Madison Air Solutions Corporation
PAG,"Penske Automotive Group, Inc."
W,Wayfair Inc.
AIZ,"Assurant, Inc."
MLI,"Mueller Industries, Inc."
RVTY,"Revvity, Inc."
CRL,"Charles River Laboratories International, Inc."
BWXT,"BWX Technologies, Inc."
HMY,Harmony Gold Mining Company Limited
AMH,American Homes 4 Rent
SJM,The J. M. Smucker Company
HL,Hecla Mining Company
TME,Tencent Music Entertainment Group
AVY,Avery Dennison Corporation
CACI,CACI International Inc
RNR,RenaissanceRe Holdings Ltd.
AEG,Aegon Ltd.
BAX,Baxter International Inc.
TOL,"Toll Brothers, Inc."
RPM,RPM International Inc.
ALLE,Allegion plc
EQH,"Equitable Holdings, Inc."
LII,Lennox International Inc.
DTM,"DT Midstream, Inc."
DOCN,"DigitalOcean Holdings, Inc."
GL,Globe Life Inc.
EMBJ,Embraer S.A.
CNA,CNA Financial Corporation
UHAL,U-Haul Holding Company
AHR,"American Healthcare REIT, Inc."
HBM,Hudbay Minerals Inc.
SGI,Somnigroup International Inc.
PINS,"Pinterest, Inc."
BWA,BorgWarner Inc.
AA,Alcoa Corporation
HRL,Hormel Foods Corporation
UDR,"UDR, Inc."
ELS,"Equity LifeStyle Properties, Inc."
GGG,Graco Inc.
BF.A,Brown-Forman Corporation
BF.B,Brown-Forman Corporation
ALLY,Ally Financial Inc.
PAC,"Grupo Aeroportuario del Pacífico, S.A.B. de C.V."
CCK,"Crown Holdings, Inc."
FNF,"Fidelity National Financial, Inc."
PEN,"Penumbra, Inc."
WTS,"Watts Water Technologies, Inc."
CLX,The Clorox Company
AIT,"Applied Industrial Technologies, Inc."
ELAN,Elanco Animal Health Incorporated
BXP,"BXP, Inc."
FMS,Fresenius Medical Care AG
MICC,The Magnum Ice Cream Company N.V.
IAG,IAMGOLD Corporation
JEF,Jefferies Financial Group Inc.
SNN,Smith & Nephew plc
EGO,Eldorado Gold Corporation
SF,Stifel Financial Corp.
GNRC,Generac Holdings Inc.
IT,"Gartner, Inc."
DECK,Deckers Outdoor Corporation
MOG.B,Moog Inc.
MOG.A,Moog Inc.
WSO.B,"Watsco, Inc."
WSO,"Watsco, Inc."
CR,Crane Company
GDDY,GoDaddy Inc.
AFG,"American Financial Group, Inc."
EVR,Evercore Inc.
PNW,Pinnacle West Capital Corporation
UHAL.B,U-Haul Holding Company
EHC,Encompass Health Corporation
AR,Antero Resources Corporation
HUBS,"HubSpot, Inc."
RTO,Rentokil Initial plc
BJ,"BJ's Wholesale Club Holdings, Inc."
HII,"Huntington Ingalls Industries, Inc."
FHN,First Horizon Corporation
SCI,Service Corporation International
DKS,"DICK'S Sporting Goods, Inc."
WTRG,"Essential Utilities, Inc."
OC,Owens Corning
DVA,DaVita Inc.
BEPC,Brookfield Renewable Corporation
KNX,Knight-Swift Transportation Holdings Inc.
CPT,Camden Property Trust
XPEV,XPeng Inc.
GMED,"Globus Medical, Inc."
TFII,TFI International Inc.
RYAN,"Ryan Specialty Holdings, Inc."
DCI,"Donaldson Company, Inc."
NYT,The New York Times Company
SUZ,Suzano S.A.
RRX,Regal Rexnord Corporation
NIO,NIO Inc.
MGM,MGM Resorts International
TX,Ternium S.A.
EGP,"EastGroup Properties, Inc."
AM,Antero Midstream Corporation
WMS,"Advanced Drainage Systems, Inc."
GKOS,Glaukos Corporation
ALSN,"Allison Transmission Holdings, Inc."
MP,MP Materials Corp.
MOH,"Molina Healthcare, Inc."
ARW,"Arrow Electronics, Inc."
UHS,"Universal Health Services, Inc."
FLS,Flowserve Corporation
AES,The AES Corporation
FDS,FactSet Research Systems Inc.
BIO,"Bio-Rad Laboratories, Inc."
RDY,Dr. Reddy's Laboratories Limited
AG,First Majestic Silver Corp.
SSB,SouthState Bank Corporation
SPXC,"SPX Technologies, Inc."
PAYC,"Paycom Software, Inc."
SUN,Sunoco LP
FRT,Federal Realty Investment Trust
BIO.B,"Bio-Rad Laboratories, Inc."
VIRT,"Virtu Financial, Inc."
ORI,Old Republic International Corporation
AYI,Acuity Inc.
CFR,"Cullen/Frost Bankers, Inc."
EAT,"Brinker International, Inc."
PNR,Pentair plc
LTH,"Life Time Group Holdings, Inc."
MOD,Modine Manufacturing Company
PSO,Pearson plc
GIL,Gildan Activewear Inc.
DDS,"Dillard's, Inc."
DAR,Darling Ingredients Inc.
AVTR,"Avantor, Inc."
FPS,"Forgent Power Solutions, Inc."
JAN,"Janus Living, Inc."
MUSA,Murphy USA Inc.
ONON,On Holding AG
OSK,Oshkosh Corporation
RRC,Range Resources Corporation
BROS,Dutch Bros Inc.
OSCR,"Oscar Health, Inc."
OGE,OGE Energy Corp.
APTV,Aptiv PLC
MSGS,Madison Square Garden Sports Corp.
AMG,"Affiliated Managers Group, Inc."
R,"Ryder System, Inc."
TTC,The Toro Company
WLK,Westlake Corporation
CTRE,"CareTrust REIT, Inc."
CHWY,"Chewy, Inc."
DY,"Dycom Industries, Inc."
KT,KT Corporation
PRI,"Primerica, Inc."
ARE,"Alexandria Real Estate Equities, Inc."
VMI,"Valmont Industries, Inc."
VOYA,"Voya Financial, Inc."
BVN,Compañía de Minas Buenaventura S.A.A.
EDU,New Oriental Education & Technology Group Inc.
PCOR,"Procore Technologies, Inc."
ADC,Agree Realty Corporation
FRO,Frontline plc
SNAP,Snap Inc.
YMM,Full Truck Alliance Co. Ltd.
CUBE,CubeSmart
HLI,"Houlihan Lokey, Inc."
KMX,"CarMax, Inc."
JXN,Jackson Financial Inc.
ALV,"Autoliv, Inc."
BRX,Brixmor Property Group Inc.
QGEN,Qiagen N.V.
RHP,"Ryman Hospitality Properties, Inc."
KNTK,Kinetik Holdings Inc.
BAH,Booz Allen Hamilton Holding Corporation
KNSL,"Kinsale Capital Group, Inc."
PB,"Prosperity Bancshares, Inc."
ESI,Element Solutions Inc
NNN,"NNN REIT, Inc."
TKR,The Timken Company
PATH,"UiPath, Inc."
TIMB,TIM S.A.
SBSW,Sibanye Stillwater Limited
COMP,"Compass, Inc."
FR,"First Industrial Realty Trust, Inc."
REXR,"Rexford Industrial Realty, Inc."
ATR,"AptarGroup, Inc."
WAL,Western Alliance Bancorporation
NEU,NewMarket Corporation
AOS,A. O. Smith Corporation
STN,Stantec Inc.
ELPC,Companhia Paranaense de Energia - COPEL
SM,SM Energy Company
CNM,"Core & Main, Inc."
ACM,AECOM
EMN,Eastman Chemical Company
SARO,"StandardAero, Inc."
PRMB,Primo Brands Corporation
PBF,PBF Energy Inc.
LNC,Lincoln National Corporation
HESM,Hess Midstream LP
GGB,Gerdau S.A.
LEVI,Levi Strauss & Co.
UGI,UGI Corporation
ESTC,Elastic N.V.
ZWS,Zurn Elkay Water Solutions Corporation
LAD,"Lithia Motors, Inc."
GME,GameStop Corp.
IDA,"IDACORP, Inc."
MHK,"Mohawk Industries, Inc."
THG,"The Hanover Insurance Group, Inc."
NFG,National Fuel Gas Company
VNO,Vornado Realty Trust
CAVA,"CAVA Group, Inc."
ASR,"Grupo Aeroportuario del Sureste, S. A. B. de C. V."
SOBO,South Bow Corporation
TAP.A,Molson Coors Beverage Company
TAP,Molson Coors Beverage Company
NCLH,Norwegian Cruise Line Holdings Ltd.
AXTA,Axalta Coating Systems Ltd.
AGCO,AGCO Corporation
VIPS,Vipshop Holdings Limited
CAG,"Conagra Brands, Inc."
OKLO,Oklo Inc.
MOS,The Mosaic Company
VIST,"Vista Energy, S.A.B. de C.V."
GAP,"The Gap, Inc."
LW,"Lamb Weston Holdings, Inc."
SSD,"Simpson Manufacturing Co., Inc."
CMC,Commercial Metals Company
PL,Planet Labs PBC
FAF,First American Financial Corporation
AWI,"Armstrong World Industries, Inc."
ETSY,"Etsy, Inc."
TEX,Terex Corporation
NXE,NexGen Energy Ltd.
FSS,Federal Signal Corporation
BLDR,"Builders FirstSource, Inc."
TRNO,Terreno Realty Corporation
MSA,MSA Safety Incorporated
KEX,Kirby Corporation
ESE,ESCO Technologies Inc.
ICL,ICL Group Ltd
HNGE,"Hinge Health, Inc."
AXS,AXIS Capital Holdings Limited
OMF,"OneMain Holdings, Inc."
STAG,"STAG Industrial, Inc."
VSXY,Victoria's Secret & Co.
NE,Noble Corporation plc
NOV,NOV Inc.
TFPM,Triple Flag Precious Metals Corp.
SSL,Sasol Limited
HXL,Hexcel Corporation
OR,OR Royalties Inc.
PJT,PJT Partners Inc.
MAC,The Macerich Company
CHE,Chemed Corporation
ACA,"Arcosa, Inc."
JMKE,Jersey Mike's Subs Inc.
ZETA,Zeta Global Holdings Corp.
SGHC,Super Group (SGHC) Limited
RAL,Ralliant Corporation
JOBY,"Joby Aviation, Inc."
S,"SentinelOne, Inc."
PACS,"PACS Group, Inc."
HIMS,"Hims & Hers Health, Inc."
ENS,EnerSys
FLR,Fluor Corporation
UGP,Ultrapar Participações S.A.
CIG,Companhia Energética de Minas Gerais - CEMIG
CIG.C,Companhia Energética de Minas Gerais - CEMIG
LOAR,Loar Holdings Inc.
MSM,"MSC Industrial Direct Co., Inc."
MTDR,Matador Resources Company
LB,LandBridge Company LLC
OGC,OceanaGold Corporation
WEX,WEX Inc.
GTES,Gates Industrial Corporation Ltd.
INGM,Ingram Micro Holding Corporation
EPRT,"Essential Properties Realty Trust, Inc."
HR,Healthcare Realty Trust Incorporated
DPC,DPC Holdings PLC
CWEN,"Clearway Energy, Inc."
MATX,"Matson, Inc."
INGR,Ingredion Incorporated
CLF,Cleveland-Cliffs Inc.
ANF,Abercrombie & Fitch Co.
SWX,"Southwest Gas Holdings, Inc."
FNB,F.N.B. Corporation
AN,"AutoNation, Inc."
IBP,"Installed Building Products, Inc."
HRB,"H&R Block, Inc."
TAL,TAL Education Group
NPO,Enpro Inc.
BIRK,Birkenstock Holding plc
MTG,MGIC Investment Corporation
KRMN,Karman Holdings Inc.
AGX,"Argan, Inc."
ORA,"Ormat Technologies, Inc."
ELF,"e.l.f. Beauty, Inc."
GATX,GATX Corporation
AVAL,Grupo Aval Acciones y Valores S.A.
LUMN,"Lumen Technologies, Inc."
MGY,Magnolia Oil & Gas Corporation
RIG,Transocean Ltd.
ESNT,Essent Group Ltd.
RYN,Rayonier Inc.
JBTM,JBT Marel Corporation
G,Genpact Limited
ST,Sensata Technologies Holding plc
ECG,"Everus Construction Group, Inc."
SNDR,"Schneider National, Inc."
BLCO,Bausch + Lomb Corporation
ENIC,Enel Chile S.A.
GBCI,"Glacier Bancorp, Inc."
EXP,Eagle Materials Inc.
LEA,Lear Corporation
RSI,"Rush Street Interactive, Inc."
KGS,"Kodiak Gas Services, Inc."
STVN,Stevanato Group S.p.A.
TEO,Telecom Argentina S.A.
DLB,"Dolby Laboratories, Inc."
IFS,Intercorp Financial Services Inc.
MBGL,"Mobility Global, Inc."
TBBB,BBB Foods Inc.
ACI,"Albertsons Companies, Inc."
ANDG,Andersen Group Inc.
M,"Macy's, Inc."
YOU,"Clear Secure, Inc."
HOMB,"Home BancShares, Inc."
RLI,RLI Corp.
TXNM,"TXNM Energy, Inc."
POR,Portland General Electric Company
ENVA,"Enova International, Inc."
STWD,"Starwood Property Trust, Inc."
TFX,Teleflex Incorporated
BYD,Boyd Gaming Corporation
SXT,Sensient Technologies Corporation
MCY,Mercury General Corporation
AUB,Atlantic Union Bankshares Corporation
BXSL,Blackstone Secured Lending Fund
VAL,Valaris Limited
FND,"Floor & Decor Holdings, Inc."
BBUC,Brookfield Business Corporation
ASB,Associated Banc-Corp
ABCB,Ameris Bancorp
WH,"Wyndham Hotels & Resorts, Inc."
SON,Sonoco Products Company
SPHR,Sphere Entertainment Co.
FLG,"Flagstar Bank, National Association"
EPAM,"EPAM Systems, Inc."
RITM,Rithm Capital Corp.
BKH,Black Hills Corporation
WPP,WPP plc
AX,"Axos Financial, Inc."
HCC,"Warrior Met Coal, Inc."
AROC,"Archrock, Inc."
OBDC,Blue Owl Capital Corporation
NJR,New Jersey Resources Corporation
FBIN,"Fortune Brands Innovations, Inc."
NIQ,NIQ Global Intelligence plc
RNG,"RingCentral, Inc."
GXO,"GXO Logistics, Inc."
MAIN,Main Street Capital Corporation
VFC,V.F. Corporation
AIR,AAR Corp.
MC,Moelis & Company
ADT,ADT Inc.
GVA,Granite Construction Incorporated
CPA,"Copa Holdings, S.A."
KRG,Kite Realty Group Trust
KLAR,Klarna Group plc
OUT,OUTFRONT Media Inc.
CNX,CNX Resources Corporation
WHD,"Cactus, Inc."
WFG,West Fraser Timber Co. Ltd.
MTN,"Vail Resorts, Inc."
CSW,"CSW Industrials, Inc."
PIPR,Piper Sandler Companies
BMA,Banco Macro S.A.
HRI,Herc Holdings Inc.
UNF,UniFirst Corporation
PSN,Parsons Corporation
HASI,"HA Sustainable Infrastructure Capital, Inc."
BC,Brunswick Corporation
CMBT,Cmb.Tech NV
ESAB,ESAB Corporation
PRM,"Perimeter Solutions, Inc."
OGS,"ONE Gas, Inc."
MRP,"Millrose Properties, Inc."
BETA,"BETA Technologies, Inc."
OTF,Blue Owl Technology Finance Corp.
GOLF,Acushnet Holdings Corp.
KVYO,"Klaviyo, Inc."
CNO,"CNO Financial Group, Inc."
AMTM,"Amentum Holdings, Inc."
WTM,"White Mountains Insurance Group, Ltd."
BLSH,Bullish
LPX,Louisiana-Pacific Corporation
MUR,Murphy Oil Corporation
PAY,"Paymentus Holdings, Inc."
SKY,"Champion Homes, Inc."
SR,Spire Inc.
GBTG,"Global Business Travel Group, Inc."
OII,"Oceaneering International, Inc."
GHC,Graham Holdings Company
MTRN,Materion Corporation
CE,Celanese Corporation
CHH,"Choice Hotels International, Inc."
CUZ,Cousins Properties Incorporated
RDN,Radian Group Inc.
CNR,"Core Natural Resources, Inc."
BIPC,Brookfield Infrastructure Corporation
GEF,"Greif, Inc."
HAE,Haemonetics Corporation
BOOT,"Boot Barn Holdings, Inc."
ALK,"Alaska Air Group, Inc."
MDA,MDA Space Ltd.
KBR,"KBR, Inc."
ALH,Alliance Laundry Holdings Inc.
TREX,"Trex Company, Inc."
SFBS,"ServisFirst Bancshares, Inc."
MTH,Meritage Homes Corporation
VSH,"Vishay Intertechnology, Inc."
NP,Neptune Insurance Holdings Inc.
CVSA,Covista Inc.
TKC,Turkcell Iletisim Hizmetleri A.S.
CRC,California Resources Corporation
TPC,Tutor Perini Corporation
INSW,"International Seaways, Inc."
FHI,"Federated Hermes, Inc."
CGAU,Centerra Gold Inc.
BDC,Belden Inc.
EPR,EPR Properties
HGTY,"Hagerty, Inc."
BCO,The Brink's Company
PAM,Pampa Energía S.A.
BOX,"Box, Inc."
NNI,"Nelnet, Inc."
GFF,Griffon Corporation
BB,BlackBerry Limited
VNT,Vontier Corporation
SKT,Tanger Inc.
ACHR,Archer Aviation Inc.
SLGN,Silgan Holdings Inc.
TNL,Travel + Leisure Co.
TGS,Transportadora de Gas del Sur S.A.
SLG,SL Green Realty Corp.
RHI,Robert Half Inc.
NVST,Envista Holdings Corporation
CON,"Concentra Group Holdings Parent, Inc."
EE,"Excelerate Energy, Inc."
GEF.B,"Greif, Inc."
BRC,Brady Corporation
TDW,Tidewater Inc.
CRGY,Crescent Energy Company
DOCS,"Doximity, Inc."
AQN,Algonquin Power & Utilities Corp.
CBT,Cabot Corporation
COLD,"Americold Realty Trust, Inc."
SKE,Skeena Resources Limited
DK,"Delek US Holdings, Inc."
KRC,Kilroy Realty Corporation
MIAX,"Miami International Holdings, Inc."
CDP,COPT Defense Properties
MANE,"Veradermics, Incorporated"
CNS,"Cohen & Steers, Inc."
ARX,Accelerant Holdings
KFY,Korn Ferry
MDU,"MDU Resources Group, Inc."
BNL,"Broadstone Net Lease, Inc."
FBP,First BanCorp.
CRK,"Comstock Resources, Inc."
CNK,"Cinemark Holdings, Inc."
ITGR,Integer Holdings Corporation
OPLN,"OPENLANE, Inc."
AKO.A,Embotelladora Andina S.A.
AKO.B,Embotelladora Andina S.A.
ARIS,Aris Mining Corporation
UCB,"United Community Banks, Inc."
GEO,"The GEO Group, Inc."
AZZ,AZZ Inc.
KTB,"Kontoor Brands, Inc."
PRIM,Primoris Services Corporation
SITE,"SiteOne Landscape Supply, Inc."
VVV,Valvoline Inc.
LAZ,"Lazard, Inc."
LMND,"Lemonade, Inc."
HP,"Helmerich & Payne, Inc."
BFH,"Bread Financial Holdings, Inc."
FCN,"FTI Consulting, Inc."
AVNT,Avient Corporation
BILL,"BILL Holdings, Inc."
ERO,Ero Copper Corp.
WK,Workiva Inc.
THO,"THOR Industries, Inc."
QTWO,"Q2 Holdings, Inc."
MANU,Manchester United plc
ATMU,Atmus Filtration Technologies Inc.
PLNT,"Planet Fitness, Inc."
CVI,"CVR Energy, Inc."
CAAP,Corporación América Airports S.A.
IRT,"Independence Realty Trust, Inc."
TAC,TransAlta Corporation
SMR,NuScale Power Corporation
PHI,PLDT Inc.
BMI,"Badger Meter, Inc."
SEI,"Solaris Energy Infrastructure, Inc."
VAC,Marriott Vacations Worldwide Corporation
MWA,"Mueller Water Products, Inc."
JOE,The St. Joe Company
GPGI,"GPGI, Inc."
SUNC,SunocoCorp LLC
USAC,"USA Compression Partners, LP"
HAFN,Hafnia Limited
RCUS,"Arcus Biosciences, Inc."
PSUS,"Pershing Square USA, Ltd."
APLE,"Apple Hospitality REIT, Inc."
WBI,WaterBridge Infrastructure LLC
HHH,Howard Hughes Holdings Inc.
MHO,"M/I Homes, Inc."
TDS,"Telephone and Data Systems, Inc."
BBWI,"Bath & Body Works, Inc."
PARR,"Par Pacific Holdings, Inc."
KNF,Knife River Corporation
PFSI,"PennyMac Financial Services, Inc."
ABG,"Asbury Automotive Group, Inc."
MSGE,Madison Square Garden Entertainment Corp.
RNST,Renasant Corporation
GNW,"Genworth Financial, Inc."
LEU,Centrus Energy Corp.
MIR,"Mirion Technologies, Inc."
SXI,Standex International Corporation
ZGN,Ermenegildo Zegna N.V.
CSTM,Constellium SE
SA,Seabridge Gold Inc.
FSM,Fortuna Mining Corp.
RXO,"RXO, Inc."
WT,"WisdomTree, Inc."
FOUR,"Shift4 Payments, Inc."
PII,Polaris Inc.
BFAM,Bright Horizons Family Solutions Inc.
PVH,PVH Corp.
OGN,Organon & Co.
KAI,Kadant Inc.
NHI,"National Health Investors, Inc."
HNI,HNI Corporation
POST,"Post Holdings, Inc."
BWLP,BW LPG Limited
LXP,LXP Industrial Trust
NIC,"Nicolet Bankshares, Inc."
SMG,The Scotts Miracle-Gro Company
AWR,American States Water Company
EROC,"ERock, Inc."
HIW,"Highwoods Properties, Inc."
APAM,Artisan Partners Asset Management Inc.
SII,Sprott Inc.
HGV,Hilton Grand Vacations Inc.
LRN,"Stride, Inc."
CURB,Curbline Properties Corp.
KEN,Kenon Holdings Ltd.
HG,"Hamilton Insurance Group, Ltd."
LPL,"LG Display Co., Ltd."
KBH,KB Home
NATL,NCR Atleos Corporation
AB,AllianceBernstein Holding L.P.
LION,Lionsgate Studios Corp.
MNSO,MINISO Group Holding Limited
CSQR,"Csquare, Inc."
STNG,Scorpio Tankers Inc.
ASH,Ashland Inc.
CWK,Cushman & Wakefield Limited
AAMI,Acadian Asset Management Inc.
GPK,Graphic Packaging Holding Company
CXW,"CoreCivic, Inc."
FSK,FS KKR Capital Corp.
VGNT,Versigent PLC
AGO,Assured Guaranty Ltd.
ZIM,ZIM Integrated Shipping Services Ltd.
BTU,Peabody Energy Corporation
CBU,"Community Financial System, Inc."
BKU,"BankUnited, Inc."
SIG,Signet Jewelers Limited
AAUC,Allied Gold Corporation
BTE,Baytex Energy Corp.
HTGC,"Hercules Capital, Inc."
DAN,Dana Incorporated
CPK,Chesapeake Utilities Corporation
EROK,"EagleRock Land, LLC"
BBAR,Banco BBVA Argentina S.A.
TNET,"TriNet Group, Inc."
EXK,Endeavour Silver Corp.
PK,Park Hotels & Resorts Inc.
AVA,Avista Corporation
DX,"Dynex Capital, Inc."
GRBK,"Green Brick Partners, Inc."
ATKR,Atkore Inc.
DKL,"Delek Logistics Partners, LP"
WRBY,Warby Parker Inc.
BSM,"Black Stone Minerals, L.P."
AMBP,Ardagh Metal Packaging S.A.
FUL,H.B. Fuller Company
SHAK,Shake Shack Inc.
CWT,California Water Service Group
GPI,"Group 1 Automotive, Inc."
TR,"Tootsie Roll Industries, Inc."
MMS,"Maximus, Inc."
AD,"Array Digital Infrastructure, Inc."
VTMX,"Corporación Inmobiliaria Vesta, S.A.B. de C.V."
HAYW,"Hayward Holdings, Inc."
GPOR,Gulfport Energy Corporation
FG,"F&G Annuities & Life, Inc."
PFS,"Provident Financial Services, Inc."
YETI,"YETI Holdings, Inc."
INFQ,"Infleqtion, Inc."
BOH,Bank of Hawaii Corporation
DBRG,"DigitalBridge Group, Inc."
AKR,Acadia Realty Trust
LBRT,Liberty Energy Inc.
REZI,"Resideo Technologies, Inc."
BANC,"Banc of California, Inc."
DHT,"DHT Holdings, Inc."
KN,Knowles Corporation
AEO,"American Eagle Outfitters, Inc."
CXT,"Crane NXT, Co."
SDRL,Seadrill Limited
BKD,Brookdale Senior Living Inc.
UNFI,"United Natural Foods, Inc."
HOG,"Harley-Davidson, Inc."
IMAX,IMAX Corporation
DNOW,DNOW Inc.
CBZ,"CBIZ, Inc."
TNK,Teekay Tankers Ltd.
FBK,FB Financial Corporation
MAN,ManpowerGroup Inc.
UE,Urban Edge Properties
WOR,"Worthington Enterprises, Inc."
CSAN,Cosan S.A.
KWR,Quaker Chemical Corporation
TTAM,Titan America SA
IHS,IHS Holding Limited
RH,RH
CALY,Callaway Golf Company
RDW,Redwire Corporation
DCO,Ducommun Incorporated
ABM,ABM Industries Incorporated
TALO,Talos Energy Inc.
BCC,Boise Cascade Company
SPNT,SiriusPoint Ltd.
FCPT,"Four Corners Property Trust, Inc."
AMR,"Alpha Metallurgical Resources, Inc."
KD,"Kyndryl Holdings, Inc."
NOG,"Northern Oil and Gas, Inc."
GRND,Grindr Inc.
WLYB,"John Wiley & Sons, Inc."
SIND,Sinda Ltd.
WLY,"John Wiley & Sons, Inc."
DAC,Danaos Corporation
BBT,Beacon Financial Corporation
WTTR,"Select Water Solutions, Inc."
AAP,"Advance Auto Parts, Inc."
CUBI,"Customers Bancorp, Inc."
BKV,BKV Corporation
SSMR,Sunshine Silver Mining & Refining Company
WHR,Whirlpool Corporation
DRD,DRDGOLD Limited
BHE,"Benchmark Electronics, Inc."
LCLN,"Lincoln International, Inc."
ATHM,Autohome Inc.
PHIN,PHINIA Inc.
BHVN,Biohaven Ltd.
IVT,InvenTrust Properties Corp.
FIGS,"FIGS, Inc."
TDC,Teradata Corporation
STUB,"StubHub Holdings, Inc."
LCII,LCI Industries
MH,"McGraw Hill, Inc."
PAGS,PagSeguro Digital Ltd.
PBH,Prestige Consumer Healthcare Inc.
NMM,Navios Maritime Partners L.P.
HLIO,"Helios Technologies, Inc."
SAH,"Sonic Automotive, Inc."
AADX,"Applied Aerospace & Defense, Inc."
CDLR,Cadeler A/S
DEI,"Douglas Emmett, Inc."
VVX,"V2X, Inc."
NUVB,Nuvation Bio Inc.
MPT,"Medical Properties Trust, Inc."
BHC,Bausch Health Companies Inc.
ECO,Okeanis Eco Tankers Corp.
EFXT,Enerflex Ltd.
CALX,"Calix, Inc."
COTY,Coty Inc.
BGSI,Boyd Group Services Inc.
NGVT,Ingevity Corporation
CC,The Chemours Company
GRDN,"Guardian Pharmacy Services, Inc."
BXMT,"Blackstone Mortgage Trust, Inc."
AGM,Federal Agricultural Mortgage Corporation
TRN,"Trinity Industries, Inc."
UWMC,UWM Holdings Corporation
PBI,Pitney Bowes Inc.
AMC,"AMC Entertainment Holdings, Inc."
HCI,"HCI Group, Inc."
CCU,Compañía Cervecerías Unidas S.A.
NTB,The Bank of N.T. Butterfield & Son Limited
AGM.A,Federal Agricultural Mortgage Corporation
DBD,"Diebold Nixdorf, Incorporated"
BFLY,"Butterfly Network, Inc."
ARR,"ARMOUR Residential REIT, Inc."
RAMP,"LiveRamp Holdings, Inc."
KMT,Kennametal Inc.
WU,The Western Union Company
ROG,Rogers Corporation
VIA,"Via Transportation, Inc."
MTX,Minerals Technologies Inc.
BOBS,"Bob's Discount Furniture, Inc."
BKE,"The Buckle, Inc."
HTH,Hilltop Holdings Inc.
UAA,"Under Armour, Inc."
OFG,OFG Bancorp
STDN,"Standard Nuclear, Inc."
TRLV,Trulieve Cannabis Corp.
RLX,RLX Technology Inc.
UA,"Under Armour, Inc."
LTC,"LTC Properties, Inc."
XXI,"Twenty One Capital, Inc."
CTOS,"Custom Truck One Source, Inc."
ASAN,"Asana, Inc."
CEPU,Central Puerto S.A.
AERO,"Grupo Aeroméxico, S.A.B. de C.V."
TIC,"TIC Solutions, Inc."
NGL,NGL Energy Partners LP
MD,"Pediatrix Medical Group, Inc."
CTRI,"Centuri Holdings, Inc."
STC,Stewart Information Services Corporation
NWN,Northwest Natural Holding Company
BXDC,Blackstone Digital Infrastructure Trust Inc.
NTST,NETSTREIT Corp.
GNL,"Global Net Lease, Inc."
VOYG,"Voyager Technologies, Inc."
BRSL,Brightstar Lottery PLC
PEB,Pebblebrook Hotel Trust
FCF,First Commonwealth Financial Corporation
HAWK,"HawkEye 360, Inc."
AVEX,AEVEX Corp.
SHO,"Sunstone Hotel Investors, Inc."
HMN,Horace Mann Educators Corporation
MNR,Mach Natural Resources LP
NEXA,Nexa Resources S.A.
DV,"DoubleVerify Holdings, Inc."
GTY,Getty Realty Corp.
GRC,The Gorman-Rupp Company
BLX,Bladex Inc.
LPG,Dorian LPG Ltd.
PRGO,Perrigo Company plc
UTZ,"Utz Brands, Inc."
SPB,"Spectrum Brands Holdings, Inc."
GENI,Genius Sports Limited
KSS,Kohl's Corporation
PLGO,Pelagos Insurance Capital Limited
DAO,"Youdao, Inc."
GEL,"Genesis Energy, L.P."
ALG,Alamo Group Inc.
OLN,Olin Corporation
HE,"Hawaiian Electric Industries, Inc."
NSP,"Insperity, Inc."
INVX,"Innovex International, Inc."
XPRO,Expro Ltd
CCS,"Century Communities, Inc."
PRKS,United Parks & Resorts Inc.
EPAC,Enerpac Tool Group Corp.
ATS,ATS Corporation
XHR,"Xenia Hotels & Resorts, Inc."
PRLB,"Proto Labs, Inc."
SMA,"SmartStop Self Storage REIT, Inc."
ATEN,"A10 Networks, Inc."
SNDA,"Sonida Senior Living, Inc."
VET,Vermilion Energy Inc.
SAM,"The Boston Beer Company, Inc."
FLOC,Flowco Holdings Inc.
LOB,"Live Oak Bancshares, Inc."
WKC,World Kinect Corporation
NBHC,National Bank Holdings Corporation
TGLS,Tecnoglass Holdings Inc.
MBC,"MasterBrand, Inc."
TSLX,"Sixth Street Specialty Lending, Inc."
CMRE,Costamare Inc.
INSP,"Inspire Medical Systems, Inc."
DCOM,"Dime Commercial Bancshares, Inc."
EVTC,"EVERTEC, Inc."
TRIN,Trinity Capital Inc.
TPB,"Turning Point Brands, Inc."
AAT,"American Assets Trust, Inc."
TFIN,"Triumph Financial, Inc."
EFC,Ellington Financial Inc.
CXM,"Sprinklr, Inc."
WMK,"Weis Markets, Inc."
FOIL,Londian Wason New Energy Tech Inc.
KRP,"Kimbell Royalty Partners, LP"
BY,"Byline Bancorp, Inc."
WS,"Worthington Steel, Inc."
RLJ,RLJ Lodging Trust
BST,BlackRock Science and Technology Trust
VSTS,Vestis Corporation
IDT,IDT Corporation
GLP,Global Partners LP
CBL,"CBL & Associates Properties, Inc."
NOMD,Nomad Foods Limited
HUN,Huntsman Corporation
ARCO,Arcos Dorados Holdings Inc.
DXC,DXC Technology Company
GLOB,Globant S.A.
KMPR,Kemper Corporation
AIN,Albany International Corp.
SVV,"Savers Value Village, Inc."
RVLV,"Revolve Group, Inc."
KOS,Kosmos Energy Ltd.
FUN,Six Flags Entertainment Corporation
WWW,"Wolverine World Wide, Inc."
FLNG,FLEX LNG Ltd.
OBK,"Origin Bancorp, Inc."
ADIG,ADI Global Distribution Inc.
CTS,CTS Corporation
AGL,"agilon health, inc."
COUR,"Coursera, Inc."
SFL,SFL Corporation Ltd.
AGRO,Adecoagro S.A.
GSL,"Global Ship Lease, Inc."
PRG,"PROG Holdings, Inc."
ARDT,"Ardent Health, Inc."
PBT,Permian Basin Royalty Trust
IIPR,"Innovative Industrial Properties, Inc."
LYNX,Lyntris Inc.
SBH,"Sally Beauty Holdings, Inc."
CPRI,Capri Holdings Limited
DCH,Dauch Corporation
FLO,"Flowers Foods, Inc."
CNMD,CONMED Corporation
AESI,Atlas Energy Solutions Inc.
AI,"C3.ai, Inc."
ENR,"Energizer Holdings, Inc."
GIC,Global Industrial Company
TV,"Grupo Televisa, S.A.B."
XZO,"Exzeo Group, Inc."
CYD,China Yuchai International Limited
AMPX,"Amprius Technologies, Inc."
DMC,Del Monte Corporation
FOR,Forestar Group Inc.
BBAI,"BigBear.ai Holdings, Inc."
ADNT,Adient plc
SLVM,Sylvamo Corporation
ENOV,Enovis Corporation
NRP,Natural Resource Partners L.P.
HLX,"Helix Energy Solutions Group, Inc."
ANRO,"Alto Neuroscience, Inc."
GBX,"The Greenbrier Companies, Inc."
WOLF,"Wolfspeed, Inc."
AMBQ,"Ambiq Micro, Inc."
SCL,Stepan Company
UMH,"UMH Properties, Inc."
ARLO,"Arlo Technologies, Inc."
REX,REX American Resources Corporation
ALX,"Alexander's, Inc."
FMC,FMC Corporation
WD,"Walker & Dunlop, Inc."
NAT,Nordic American Tankers Limited
PRSU,"Pursuit Attractions and Hospitality, Inc."
NMAX,Newsmax Inc.
BORR,Borr Drilling Limited
SID,Companhia Siderúrgica Nacional
LSPD,Lightspeed Commerce Inc.
AZUL,Azul S.A.
CDRE,"Cadre Holdings, Inc."
ESRT,"Empire State Realty Trust, Inc."
RES,"RPC, Inc."
VTOL,Bristow Group Inc.
UAN,"CVR Partners, LP"
DFH,"Dream Finders Homes, Inc."
ORC,"Orchid Island Capital, Inc."
TE,T1 Energy Inc.
IRS,IRSA Inversiones y Representaciones Sociedad Anónima
AORT,"Artivion, Inc."
AMN,"AMN Healthcare Services, Inc."
NVGS,Navigator Holdings Ltd.
EPC,Edgewell Personal Care Company
GOLD,"Gold.com, Inc."
ODC,Oil-Dri Corporation of America
PUMP,ProPetro Holding Corp.
RYZ,Ryerson Holding Corporation
TBN,Tamboran Resources Corporation
HLF,Herbalife Ltd.
LZB,La-Z-Boy Incorporated
NBR,Nabors Industries Ltd.
DEA,"Easterly Government Properties, Inc."
MUX,McEwen Inc.
DOLE,Dole plc
EFOR,"Everforth, Inc."
MSDL,Morgan Stanley Direct Lending Fund
ASIC,Ategrity Specialty Insurance Company Holdings
CLVT,Clarivate Plc
CRI,"Carter's, Inc."
LEG,"Leggett & Platt, Incorporated"
BRBR,"BellRing Brands, Inc."
YSS,"York Space Systems, Inc."
MYE,"Myers Industries, Inc."
LADR,Ladder Capital Corp
BH.A,Biglari Holdings Inc.
ACVA,ACV Auctions Inc.
OPY,Oppenheimer Holdings Inc.
PDM,"Piedmont Realty Trust, Inc."
BH,Biglari Holdings Inc.
YELP,Yelp Inc.
VYX,NCR Voyix Corporation
CCO,"Clear Channel Outdoor Holdings, Inc."
DSL,DoubleLine Income Solutions Fund
MMI,"Marcus & Millichap, Inc."
UTI,"Universal Technical Institute, Inc."
UVE,"Universal Insurance Holdings, Inc."
TEN,Tsakos Energy Navigation Limited
BFS,"Saul Centers, Inc."
TNC,Tennant Company
SPH,"Suburban Propane Partners, L.P."
ASA,ASA Gold and Precious Metals Limited
AMRC,"Ameresco, Inc."
DFIN,"Donnelley Financial Solutions, Inc."
USPH,"U.S. Physical Therapy, Inc."
SECZ,Securitize Corp.
LAC,Lithium Americas Corp.
UVV,Universal Corporation
LNN,Lindsay Corporation
HZO,"MarineMax, Inc."
TDOC,"Teladoc Health, Inc."
OI,"O-I Glass, Inc."
MCB,Metropolitan Bank Holding Corp.
GSBD,"Goldman Sachs BDC, Inc."
LU,Lufax Holding Ltd
LOMA,Loma Negra Compañía Industrial Argentina Sociedad Anónima
GNK,Genco Shipping & Trading Limited
FUBO,FuboTV Inc.
AMTB,Amerant Bancorp Inc.
TUYA,Tuya Inc.
BW,"Babcock & Wilcox Enterprises, Inc."
NPKI,NPK International Inc.
ECVT,Ecovyst Inc.
VRTS,"Virtus Investment Partners, Inc."
BOW,Bowhead Specialty Holdings Inc.
LAR,Lithium Argentina AG
XIFR,"XPLR Infrastructure, LP"
PDS,Precision Drilling Corporation
TYG,Tortoise Energy Infrastructure Corporation
EDN,Empresa Distribuidora y Comercializadora Norte Sociedad Anónima
SAFE,Safehold Inc.
DLX,Deluxe Corporation
NPK,"National Presto Industries, Inc."
GHM,Graham Corporation
LUXE,LuxExperience B.V.
TK,Teekay Corporation Ltd.
RHLD,"Resolute Holdings Management, Inc."
SBR,Sabine Royalty Trust
DEC,Diversified Energy Company
BTX,BlackRock Innovation and Growth Term Trust
CPAC,Cementos Pacasmayo S.A.A.
PXED,"Phoenix Education Partners, Inc."
CMP,"Compass Minerals International, Inc."
FINV,FinVolution Group
ABR,"Arbor Realty Trust, Inc."
BV,"BrightView Holdings, Inc."
EQBK,"Equity Bancshares, Inc."
KRO,"Kronos Worldwide, Inc."
TTI,"TETRA Technologies, Inc."
BKSY,BlackSky Technology Inc.
GMRS,GMR Solutions Inc.
HRTG,"Heritage Insurance Holdings, Inc."
AGBK,AGI Inc
OPLN,"OPENLANE, Inc."
AKO.A,Embotelladora Andina S.A.
AKO.B,Embotelladora Andina S.A.
ARIS,Central Pacific Financial Corp.
MNTN,"MNTN, Inc."
PLOW,"Douglas Dynamics, Inc."
CIM,Chimera Investment Corporation
ACEL,"Accel Entertainment, Inc."
KBDC,"Kayne Anderson BDC, Inc."
RPC,"Ridgepost Capital, Inc"
ABX,"Abacus Global Management, Inc."
SBSI,"Southside Bancshares, Inc."
KFRC,Kforce Inc.
BUR,Burford Capital Limited
OGG,Osisko Gold Group Inc.
CSR,Centerspace
PD,"PagerDuty, Inc."
KODK,Eastman Kodak Company
TDAY,"USA TODAY Co., Inc."
INR,"Infinity Natural Resources, Inc."
LUCK,Lucky Strike Entertainment Corporation
DQ,Daqo New Energy Corp.
MCS,The Marcus Corporation
CVLG,"Covenant Logistics Group, Inc."
NX,Quanex Building Products Corporation
PSTL,"Postal Realty Trust, Inc."
SKYH,Sky Harbour Group Corporation
MFA,"MFA Financial, Inc."
CAPL,CrossAmerica Partners LP
SOC,Sable Offshore Corp.
NXDR,"Nextdoor Holdings, Inc."
RERE,ATRenew Inc.
JBGS,JBG SMITH Properties
EIG,"Employers Holdings, Inc."
KOP,Koppers Holdings Inc.
IBTA,"Ibotta, Inc."
TROX,Tronox Holdings plc
ARI,"Apollo Commercial Real Estate Finance, Inc."
WGO,"Winnebago Industries, Inc."
HIPO,Hippo Holdings Inc.
SMBK,"SmartFinancial, Inc."
CODI,Compass Diversified
BZH,"Beazer Homes USA, Inc."
FTK,"Flotek Industries, Inc."
VPG,"Vishay Precision Group, Inc."
JMIA,Jumia Technologies AG
FET,"Forum Energy Technologies, Inc."
YALA,Yalla Group Limited
SB,"Safe Bulkers, Inc."
EVEX,"Eve Holding, Inc."
ANGX,"Angel Studios, Inc."
SXC,"SunCoke Energy, Inc."
SMP,"Standard Motor Products, Inc."
BTGO,"Bitgo Holdings, Inc."
SUPV,Grupo Supervielle S.A.
SG,"Sweetgreen, Inc."
PAR,PAR Technology Corporation
CTO,"CTO Realty Growth, Inc."
VLRS,"Controladora Vuela Compañía de Aviación, S.A.B. de C.V."
REF,Reformation Inc.
PMT,PennyMac Mortgage Investment Trust
MTUS,Metallus Inc.
SMWB,Similarweb Ltd.
GOOS,Canada Goose Holdings Inc.
IVR,Invesco Mortgage Capital Inc.
HPP,"Hudson Pacific Properties, Inc."
RSKD,Riskified Ltd.
MOV,"Movado Group, Inc."
TXO,"TXO Partners, L.P."
MAX,"MediaAlpha, Inc."
HTB,"HomeTrust Bancshares, Inc."
BCSF,"Bain Capital Specialty Finance, Inc."
GFR,Greenfire Resources Ltd.
HOV,"Hovnanian Enterprises, Inc."
WLKP,Westlake Chemical Partners LP
HSHP,Himalaya Shipping Ltd.
GDOT,Green Dot Corporation
UAMY,United States Antimony Corporation
FPH,"Five Point Holdings, LLC"
LXU,"LSB Industries, Inc."
TCBX,"Third Coast Bancshares, Inc."
EVC,Entravision Communications Corporation
PFLT,PennantPark Floating Rate Capital Ltd.
WHK,WhiteHawk Minerals Corp.
NABL,"N-able, Inc."
PHR,"Phreesia, Inc."
JKS,"JinkoSolar Holding Co., Ltd."
PKE,Park Aerospace Corp.
VTS,"Vitesse Energy, Inc."
OFRM,"Once Upon A Farm, PBC"
INN,"Summit Hotel Properties, Inc."
FBRT,"Franklin BSP Realty Trust, Inc."
MTW,"The Manitowoc Company, Inc."
VEL,"Velocity Financial, Inc."
ASC,Ardmore Shipping Corporation
JBI,"Janus International Group, Inc."
MATV,"Mativ Holdings, Inc."
CWH,"Camping World Holdings, Inc."
NRGV,"Energy Vault Holdings, Inc."
CNNE,"Cannae Holdings, Inc."
AHRT,AH REALTY TRUST INC
GRNT,"Granite Ridge Resources, Inc."
YEXT,"Yext, Inc."
BXC,BlueLinx Holdings Inc.
CLDT,Chatham Lodging Trust
MLR,"Miller Industries, Inc."
NVRI,Enviri Corporation
NGVC,"Natural Grocers by Vitamin Cottage, Inc."
CARS,Cars.com Inc.
BWMX,"Betterware de México, S.A.P.I. de C.V."
SDHC,Smith Douglas Homes Corp.
GPRK,GeoPark Limited
CTEV,Claritev Corporation
HY,"Hyster-Yale, Inc."
NXRT,"NexPoint Residential Trust, Inc."
RGR,"Sturm, Ruger & Company, Inc."
CRD.A,Crawford & Company
BRSP,"BrightSpire Capital, Inc."
NCDL,Nuveen Churchill Direct Lending Corp.
MEI,"Methode Electronics, Inc."
VTEX,VTEX
OPFI,OppFi Inc.
EVAC,EQV Ventures Acquisition Corp. II
ETD,Ethan Allen Interiors Inc.
BCSS,Bain Capital GSS Investment Corp.
MG,"Mistras Group, Inc."
EGY,"VAALCO Energy, Inc."
NOAH,Noah Holdings Limited
TRTX,"TPG RE Finance Trust, Inc."
IIIN,Insteel Industries Inc.
UHT,Universal Health Realty Income Trust
WEAV,"Weave Communications, Inc."
NPB,"Northpointe Bancshares, Inc."
FVR,"FrontView REIT, Inc."
ONT,"Onterris, Inc."
RWT,"Redwood Trust, Inc."
CRD.B,Crawford & Company
OXM,"Oxford Industries, Inc."
MSIF,"MSC Income Fund, Inc."
RYAM,Rayonier Advanced Materials Inc.
AEXA,American Exceptionalism Acquisition Corp. A
OOMA,"Ooma, Inc."
BDN,Brandywine Realty Trust
EVH,"Evolent Health, Inc."
CSV,"Carriage Services, Inc."
CLB,Core Laboratories Inc.
DDD,3D Systems Corporation
EBF,"Ennis, Inc."
WTI,"W&T Offshore, Inc."
HKD,AMTD Digital Inc.
SPIR,"Spire Global, Inc."
OLP,"One Liberty Properties, Inc."
MEC,"Mayville Engineering Company, Inc."
AII,"American Integrity Insurance Group, Inc."
VHI,"Valhi, Inc."
SD,"SandRidge Energy, Inc."
QUAD,"Quad/Graphics, Inc."
EVMN,"Evommune, Inc."
XRN,Chiron Real Estate Inc.
ECC,Eagle Point Credit Company
WNC,Wabash National Corporation
BAK,Braskem S.A.
NWAX,New America Acquisition I Corp.
AAC,Ares Acquisition Corporation III
OIS,"Oil States International, Inc."
GTN.A,"Gray Media, Inc."
HUYA,HUYA Inc.
DDL,Dingdong (Cayman) Limited
IPI,"Intrepid Potash, Inc."
KRSP,Rice Acquisition Corporation 3
DNA,"Ginkgo Bioworks Holdings, Inc."
NMG,Nouveau Monde Graphite Inc.
CMDB,Costamare Bulkers Holdings Limited
GTN,"Gray Media, Inc."
BBW,"Build-A-Bear Workshop, Inc."
CPS,Cooper-Standard Holdings Inc.
SMC,Summit Midstream Corporation
SI,"Shoulder Innovations, Inc."
ZKH,ZKH Group Limited
LXFR,Luxfer Holdings PLC
BALY,Bally's Corporation
TWI,"Titan International, Inc."
FPI,Farmland Partners Inc.
CBAN,"Colony Bankcorp, Inc."
NGS,"Natural Gas Services Group, Inc."
ASIX,AdvanSix Inc.
DIN,"Dine Brands Global, Inc."
MAGN,Magnera Corporation
KREF,KKR Real Estate Finance Trust Inc.
CAL,"Caleres, Inc."
SPCE,"Virgin Galactic Holdings, Inc."
HBB,Hamilton Beach Brands Holding Company
PACK,Ranpak Holdings Corp.
BNED,"Barnes & Noble Education, Inc."
CINT,CI&T Inc.
HVT.A,"Haverty Furniture Companies, Inc."
ASPN,"Aspen Aerogels, Inc."
TRC,Tejon Ranch Co.
HVT,"Haverty Furniture Companies, Inc."
OPTU,"Optimum Communications, Inc."
BOC,Boston Omaha Corporation
SGU,"Star Group, L.P."
GOTU,Gaotu Techedu Inc.
CLBR,Colombier Acquisition Corp. III
AVBC,"Avidia Bancorp, Inc."
NPWR,NET Power Inc.
CHCT,Community Healthcare Trust Incorporated
LZM,Lifezone Metals Limited
NREF,"NexPoint Real Estate Finance, Inc."
CYH,"Community Health Systems, Inc."
GNE,Genie Energy Ltd.
HTT,High Templar Tech Limited
FCBM,"First Carolina Financial Services, Inc."
AUNA,Auna S.A.
AIV,Apartment Investment and Management Company
ACCO,ACCO Brands Corporation
GCO,Genesco Inc.
ALIT,"Alight, Inc."
ORN,"Orion Group Holdings, Inc."
MZYX,MOZAYYX Acquisition Corp.
PINE,"Alpine Income Property Trust, Inc."
BKKT,"Bakkt, Inc."
RNGR,"Ranger Energy Services, Inc."
KNOP,KNOT Offshore Partners LP
FCRS,FutureCrest Acquisition Corp.
LND,BrasilAgro - Companhia Brasileira de Propriedades Agrícolas
CION,CION Investment Corporation
WDH,Waterdrop Inc.
NOA,North American Construction Group Ltd.
FTW,Presidio Production Company
SOUL,Soulpower Acquisition Corporation
BLND,"Blend Labs, Inc."
ZIP,"ZipRecruiter, Inc."
PSFE,Paysafe Limited
SBXE,SilverBox Corp V
OEC,Orion S.A.
SEG,Seaport Entertainment Group Inc.
CVEO,Civeo Corporation
CLW,Clearwater Paper Corporation
HLLY,Holley Inc.
MSC,Studio City International Holdings Limited
FVRR,Fiverr International Ltd.
KCAC,Kensington Capital Acquisition Corp. VI
TCI,"Transcontinental Realty Investors, Inc."
PSBD,Palmer Square Capital BDC Inc.
COSO,"CoastalSouth Bancshares, Inc."
NC,"NACCO Industries, Inc."
NL,"NLI Holdings, Inc."
VACI,Viking Acquisition Corp. I
TBI,"TrueBlue, Inc."
MLP,"Maui Land & Pineapple Company, Inc."
JACS,Jackson Acquisition Company II
SAC,Safeguard Acquisition Corp.
RAC,Rithm Acquisition Corp.
MTAL,Metals Acquisition Corp. II
VII,Viking Acquisition Corp. II
DSX,Diana Shipping Inc.
EBS,Emergent BioSolutions Inc.
RC,Ready Capital Corporation
JENA,Jena Acquisition Corporation II
MSB,Mesabi Trust
RM,Regional Management Corp.
QLEP,Quantum Leap Acquisition Corp
SAR,Saratoga Investment Corp.
XPER,Xperi Inc.
LDI,"loanDepot, Inc."
CBNA,"Chain Bridge Bancorp, Inc."
JILL,"J.Jill, Inc."
KLC,"KinderCare Learning Companies, Inc."
KWY,Kingsway Corporation
MTNE,CH4 Natural Solutions Corporation
DBI,Designer Brands Inc.
KPET,KPET Ultra Paceline Corporation
ONIT,Onity Group Inc.
BGS,"B&G Foods, Inc."
SAMO,Samos Energy Acquisition Corporation
BRT,BRT Apartments Corp.
FTRA,FutureCorp Space Acquisition 1
LVWR,"LiveWire Group, Inc."
PAII,Pyrophyte Acquisition Corp. II
XPOF,"Xponential Fitness, Inc."
YSG,Yatsen Holding Limited
ZH,Zhihu Inc.
TG,Tredegar Corporation
LAW,"CS Disco, Inc."
SMRT,"SmartRent, Inc."
ACRE,Ares Commercial Real Estate Corporation
MBI,MBIA Inc.
SMHI,SEACOR Marine Holdings Inc.
USNA,"USANA Health Sciences, Inc."
PNAQ,Pinnacle Acquisition Corporation
SCM,Stellus Capital Investment Corporation
PNNT,PennantPark Investment Corporation
ARL,"American Realty Investors, Inc."
NUS,"Nu Skin Enterprises, Inc."
CMTG,"Claros Mortgage Trust, Inc."
FF,FutureFuel Corp.
COPL,Copley Acquisition Corp
BIII,Black Spade Acquisition III Co
IRAB,Iris Acquisition Corp II
FC,Franklin Covey Co.
DGAC,Disciplined Growth Acquisition Corporation
DGAC.RT,Disciplined Growth Acquisition Corporation
CURV,Torrid Holdings Inc.
TPVG,TriplePoint Venture Growth BDC Corp.
BRCC,BRC Inc.
MITT,"TPG Mortgage Investment Trust, Inc."
JELD,"JELD-WEN Holding, Inc."
ENHA,Enhanced Group Inc.
OSG,"Octave Specialty Group, Inc."
SSTK,"Shutterstock, Inc."
SRI,"Stoneridge, Inc."
AMWL,American Well Corporation
XYF,X Financial
ALTG,Alta Equipment Group Inc.
BEBE,TGE Value Creative Solutions Corp
CIA,"Citizens, Inc."
SES,SES AI Corporation
AIIA,AI Infrastructure Acquisition Corp.
SPMC,"Sound Point Meridian Capital, Inc."
AOMR,"Angel Oak Mortgage REIT, Inc."
VLN,Valens Semiconductor Ltd.
PERF,Perfect Corp.
UIS,Unisys Corporation
AMPY,Amplify Energy Corp.
DHX,"DHI Group, Inc."
AP,Ampco-Pittsburgh Corporation
UP,Wheels Up Experience Inc.
EAF,GrafTech International Ltd.
BWIV,Blue Water Acquisition Corp. IV
FOA,Finance of America Companies Inc.
GCTS,"GCT Semiconductor Holding, Inc."
DOUG,Douglas Elliman Inc.
NLOP,Net Lease Office Properties
DAVA,Endava plc
WHG,"Westwood Holdings Group, Inc."
EARN,Ellington Credit Company
FIRY,Firy Inc.
SAGU,Shreya Acquisition Group
QRED,Quasaredge Acquisition Corporation
ONL,Orion Properties Inc.
GLED,GalaxyEdge Acquisition Corporation
SITC,SITE Centers Corp.
COOK,"Traeger, Inc."
WPAC,White Pearl Acquisition Corp.
CHPT,"ChargePoint Holdings, Inc."
GHI,Greystone Housing Impact Investors LP
YCY,AA Mission Acquisition Corp. II
OWLT,"Owlet, Inc."
BHR,Braemar Hotels & Resorts Inc.
ELME,Elme Communities
TRAD,Apex Tech Acquisition Inc.
CABO,"Cable One, Inc."
CLPR,Clipper Realty Inc.
TRAK,"ReposiTrak, Inc."
PLUN,Plutonian Acquisition Corp II
UFI,"Unifi, Inc."
XFLH,XFLH Capital Corporation
DLNG,Dynagas LNG Partners LP
OTAI,Starlink AI Acquisition Corporation
OCAC,Ocean Capital Acquisition Corporation
ADCT,ADC Therapeutics SA
NRDY,Nerdy Inc.
SJT,San Juan Basin Royalty Trust
EVTL,Vertical Aerospace Ltd.
MED,"Medifast, Inc."
LANV,Lanvin Group Holdings Limited
AXR,AMREP Corporation
TLYS,"Tilly's, Inc."
RFL,"Rafael Holdings, Inc."
MX,Magnachip Semiconductor Corporation
SRG,Seritage Growth Properties
GETY,"Getty Images Holdings, Inc."
AKA,a.k.a. Brands Holding Corp.
GHG,GreenTree Hospitality Group Ltd.
CHMI,Cherry Hill Mortgage Investment Corporation
ZVIA,Zevia PBC
TSQ,"Townsquare Media, Inc."
TISI,"Team, Inc."
VECA,Vernal Capital Acquisition Corp.
VECA.RT,Vernal Capital Acquisition Corp.
VATE,INNOVATE Corp.
RPT,Rithm Property Trust Inc.
ACR,ACRES Commercial Realty Corp.
CANG,Cango Inc.
SLQT,"SelectQuote, Inc."
BARK,"BARK, Inc."
CMCM,Cheetah Mobile Inc.
ACH,"Accendra Health, Inc."
YRD,Yiren Digital Ltd.
SRL,Scully Royalty Ltd.
CHGG,"Chegg, Inc."
SRFM,Surf Air Mobility Inc.
ZEPP,Zepp Health Corporation
NRT,North European Oil Royalty Trust
ANVS,"Annovis Bio, Inc."
AMTD,AMTD IDEA Group
SBXD,SilverBox Corp IV
PEW,GrabAGun Digital Holdings Inc.
WBX,Wallbox N.V.
AVD,American Vanguard Corporation
CRT,Cross Timbers Royalty Trust
IH,iHuman Inc.
SKIL,Skillsoft Corp.
LITB,"LightInTheBox Holding Co., Ltd."
PVL,Permianville Royalty Trust
BGSF,"BGSF, Inc."
VOC,VOC Energy Trust
STEM,"Stem, Inc."
CATO,The Cato Corporation
GPMT,Granite Point Mortgage Trust Inc.
TGE,The Generation Essentials Group
SQNS,Sequans Communications S.A.
GROV,"Grove Collaborative Holdings, Inc."
SPRU,Spruce Power Holding Corporation
LFT,"Lument Finance Trust, Inc."
CNF,CNFinance Holdings Limited
STG,Sunlands Technology Group
PRT,PermRock Royalty Trust
LOCL,Local Bounti Corporation
FEDU,Four Seasons Education (Cayman) Inc.
AHT,"Ashford Hospitality Trust, Inc."
OPAD,Offerpad Solutions Inc.
CCM,Concord Medical Services Holdings Limited
PSQH,"PSQ Holdings, Inc."
NYC,American Strategic Investment Co.
SST,"System1, Inc."
FENG,Phoenix New Media Limited
MOGU,MOGU Inc.
GWH,"ESS Tech, Inc."
SOS,SOS Limited
EQS,"Equus Total Return, Inc."
MTR,Mesa Royalty Trust
UTL,Unitil Corporation
GLAS,Glass House Brands Inc.
BBDC,"Barings BDC, Inc."
CPF,Central Pacific Financial Corp.
MNTN,"MNTN, Inc."
PLOW,"Douglas Dynamics, Inc."
CIM,Chimera Investment Corporation
ACEL,"Accel Entertainment, Inc."
KBDC,"Kayne Anderson BDC, Inc."
RPC,"Ridgepost Capital, Inc"
ABX,"Abacus Global Management, Inc."
SBSI,"Southside Bancshares, Inc."
KFRC,Kforce Inc.
BUR,Burford Capital Limited
OGG,Osisko Gold Group Inc.
CSR,Centerspace
PD,"PagerDuty, Inc."
KODK,Eastman Kodak Company
TDAY,"USA TODAY Co., Inc."
INR,"Infinity Natural Resources, Inc."
LUCK,Lucky Strike Entertainment Corporation
DQ,Daqo New Energy Corp.
MCS,The Marcus Corporation
CVLG,"Covenant Logistics Group, Inc."
NX,Quanex Building Products Corporation
PSTL,"Postal Realty Trust, Inc."
SKYH,Sky Harbour Group Corporation
MFA,"MFA Financial, Inc."
CAPL,CrossAmerica Partners LP
SOC,Sable Offshore Corp.
NXDR,"Nextdoor Holdings, Inc."
RERE,ATRenew Inc.
JBGS,JBG SMITH Properties
EIG,"Employers Holdings, Inc."
KOP,Koppers Holdings Inc.
IBTA,"Ibotta, Inc."
TROX,Tronox Holdings plc
ARI,"Apollo Commercial Real Estate Finance, Inc."
WGO,"Winnebago Industries, Inc."
HIPO,Hippo Holdings Inc.
SMBK,"SmartFinancial, Inc."
CODI,Compass Diversified
BZH,"Beazer Homes USA, Inc."
FTK,"Flotek Industries, Inc."
VPG,"Vishay Precision Group, Inc."
JMIA,Jumia Technologies AG
FET,"Forum Energy Technologies, Inc."
YALA,Yalla Group Limited
SB,"Safe Bulkers, Inc."
EVEX,"Eve Holding, Inc."
ANGX,"Angel Studios, Inc."
SXC,"SunCoke Energy, Inc."
SMP,"Standard Motor Products, Inc."
BTGO,"Bitgo Holdings, Inc."
SUPV,Grupo Supervielle S.A.
SG,"Sweetgreen, Inc."
PAR,PAR Technology Corporation
CTO,"CTO Realty Growth, Inc."
VLRS,"Controladora Vuela Compañía de Aviación, S.A.B. de C.V."
REF,Reformation Inc.
PMT,PennyMac Mortgage Investment Trust
MTUS,Metallus Inc.
SMWB,Similarweb Ltd.
GOOS,Canada Goose Holdings Inc.
IVR,Invesco Mortgage Capital Inc.
HPP,"Hudson Pacific Properties, Inc."
RSKD,Riskified Ltd.
MOV,"Movado Group, Inc."
TXO,"TXO Partners, L.P."
MAX,"MediaAlpha, Inc."
HTB,"HomeTrust Bancshares, Inc."
BCSF,"Bain Capital Specialty Finance, Inc."
GFR,Greenfire Resources Ltd.
HOV,"Hovnanian Enterprises, Inc."
WLKP,Westlake Chemical Partners LP
HSHP,Himalaya Shipping Ltd.
GDOT,Green Dot Corporation
UAMY,United States Antimony Corporation
FPH,"Five Point Holdings, LLC"
LXU,"LSB Industries, Inc."
TCBX,"Third Coast Bancshares, Inc."
EVC,Entravision Communications Corporation
PFLT,PennantPark Floating Rate Capital Ltd.
WHK,WhiteHawk Minerals Corp.
NABL,"N-able, Inc."
PHR,"Phreesia, Inc."
JKS,"JinkoSolar Holding Co., Ltd."
PKE,Park Aerospace Corp.
VTS,"Vitesse Energy, Inc."
OFRM,"Once Upon A Farm, PBC"
INN,"Summit Hotel Properties, Inc."
FBRT,"Franklin BSP Realty Trust, Inc."
MTW,"The Manitowoc Company, Inc."
VEL,"Velocity Financial, Inc."
ASC,Ardmore Shipping Corporation
JBI,"Janus International Group, Inc."
MATV,"Mativ Holdings, Inc."
CWH,"Camping World Holdings, Inc."
NRGV,"Energy Vault Holdings, Inc."
CNNE,"Cannae Holdings, Inc."
AHRT,AH REALTY TRUST INC
GRNT,"Granite Ridge Resources, Inc."
YEXT,"Yext, Inc."
BXC,BlueLinx Holdings Inc.
CLDT,Chatham Lodging Trust
MLR,"Miller Industries, Inc."
NVRI,Enviri Corporation
NGVC,"Natural Grocers by Vitamin Cottage, Inc."
CARS,Cars.com Inc.
BWMX,"Betterware de México, S.A.P.I. de C.V."
SDHC,Smith Douglas Homes Corp.
GPRK,GeoPark Limited
CTEV,Claritev Corporation
HY,"Hyster-Yale, Inc."
NXRT,"NexPoint Residential Trust, Inc."
RGR,"Sturm, Ruger & Company, Inc."
CRD.A,Crawford & Company
BRSP,"BrightSpire Capital, Inc."
NCDL,Nuveen Churchill Direct Lending Corp.
MEI,"Methode Electronics, Inc."
VTEX,VTEX
OPFI,OppFi Inc.
EVAC,EQV Ventures Acquisition Corp. II
ETD,Ethan Allen Interiors Inc.
BCSS,Bain Capital GSS Investment Corp.
MG,"Mistras Group, Inc."
EGY,"VAALCO Energy, Inc."
NOAH,Noah Holdings Limited
TRTX,"TPG RE Finance Trust, Inc."
IIIN,Insteel Industries Inc.
UHT,Universal Health Realty Income Trust
WEAV,"Weave Communications, Inc."
NPB,"Northpointe Bancshares, Inc."
FVR,"FrontView REIT, Inc."
ONT,"Onterris, Inc."
RWT,"Redwood Trust, Inc."
CRD.B,Crawford & Company
OXM,"Oxford Industries, Inc."
MSIF,"MSC Income Fund, Inc."
RYAM,Rayonier Advanced Materials Inc.
AEXA,American Exceptionalism Acquisition Corp. A
OOMA,"Ooma, Inc."
BDN,Brandywine Realty Trust
EVH,"Evolent Health, Inc."
CSV,"Carriage Services, Inc."
CLB,Core Laboratories Inc.
DDD,3D Systems Corporation
EBF,"Ennis, Inc."
WTI,"W&T Offshore, Inc."
HKD,AMTD Digital Inc.
SPIR,"Spire Global, Inc."
OLP,"One Liberty Properties, Inc."
MEC,"Mayville Engineering Company, Inc."
AII,"American Integrity Insurance Group, Inc."
VHI,"Valhi, Inc."
SD,"SandRidge Energy, Inc."
QUAD,"Quad/Graphics, Inc."
EVMN,"Evommune, Inc."
XRN,Chiron Real Estate Inc.
ECC,Eagle Point Credit Company
WNC,Wabash National Corporation
BAK,Braskem S.A.
NWAX,New America Acquisition I Corp.
AAC,Ares Acquisition Corporation III
OIS,"Oil States International, Inc."
GTN.A,"Gray Media, Inc."
HUYA,HUYA Inc.
DDL,Dingdong (Cayman) Limited
IPI,"Intrepid Potash, Inc."
KRSP,Rice Acquisition Corporation 3
DNA,"Ginkgo Bioworks Holdings, Inc."
NMG,Nouveau Monde Graphite Inc.
CMDB,Costamare Bulkers Holdings Limited
GTN,"Gray Media, Inc."
BBW,"Build-A-Bear Workshop, Inc."
CPS,Cooper-Standard Holdings Inc.
SMC,Summit Midstream Corporation
SI,"Shoulder Innovations, Inc."
ZKH,ZKH Group Limited
LXFR,Luxfer Holdings PLC
BALY,Bally's Corporation
TWI,"Titan International, Inc."
FPI,Farmland Partners Inc.
CBAN,"Colony Bankcorp, Inc."
NGS,"Natural Gas Services Group, Inc."
ASIX,AdvanSix Inc.
DIN,"Dine Brands Global, Inc."
MAGN,Magnera Corporation
KREF,KKR Real Estate Finance Trust Inc.
CAL,"Caleres, Inc."
SPCE,"Virgin Galactic Holdings, Inc."
HBB,Hamilton Beach Brands Holding Company
PACK,Ranpak Holdings Corp.
BNED,"Barnes & Noble Education, Inc."
CINT,CI&T Inc.
HVT.A,"Haverty Furniture Companies, Inc."
ASPN,"Aspen Aerogels, Inc."
TRC,Tejon Ranch Co.
HVT,"Haverty Furniture Companies, Inc."
OPTU,"Optimum Communications, Inc."
BOC,Boston Omaha Corporation
SGU,"Star Group, L.P."
GOTU,Gaotu Techedu Inc.
CLBR,Colombier Acquisition Corp. III
AVBC,"Avidia Bancorp, Inc."
NPWR,NET Power Inc.
CHCT,Community Healthcare Trust Incorporated
LZM,Lifezone Metals Limited
NREF,"NexPoint Real Estate Finance, Inc."
CYH,"Community Health Systems, Inc."
GNE,Genie Energy Ltd.
HTT,High Templar Tech Limited
FCBM,"First Carolina Financial Services, Inc."
AUNA,Auna S.A.
AIV,Apartment Investment and Management Company
ACCO,ACCO Brands Corporation
GCO,Genesco Inc.
ALIT,"Alight, Inc."
ORN,"Orion Group Holdings, Inc."
MZYX,MOZAYYX Acquisition Corp.
PINE,"Alpine Income Property Trust, Inc."
BKKT,"Bakkt, Inc."
RNGR,"Ranger Energy Services, Inc."
KNOP,KNOT Offshore Partners LP
FCRS,FutureCrest Acquisition Corp.
LND,BrasilAgro - Companhia Brasileira de Propriedades Agrícolas
CION,CION Investment Corporation
WDH,Waterdrop Inc.
NOA,North American Construction Group Ltd.
FTW,Presidio Production Company
SOUL,Soulpower Acquisition Corporation
BLND,"Blend Labs, Inc."
ZIP,"ZipRecruiter, Inc."
PSFE,Paysafe Limited
SBXE,SilverBox Corp V
OEC,Orion S.A.
SEG,Seaport Entertainment Group Inc.
CVEO,Civeo Corporation
CLW,Clearwater Paper Corporation
HLLY,Holley Inc.
MSC,Studio City International Holdings Limited
FVRR,Fiverr International Ltd.
KCAC,Kensington Capital Acquisition Corp. VI
TCI,"Transcontinental Realty Investors, Inc."
PSBD,Palmer Square Capital BDC Inc.
COSO,"CoastalSouth Bancshares, Inc."
NC,"NACCO Industries, Inc."
NL,"NLI Holdings, Inc."
VACI,Viking Acquisition Corp. I
TBI,"TrueBlue, Inc."
MLP,"Maui Land & Pineapple Company, Inc."
JACS,Jackson Acquisition Company II
SAC,Safeguard Acquisition Corp.
RAC,Rithm Acquisition Corp.
MTAL,Metals Acquisition Corp. II
VII,Viking Acquisition Corp. II
DSX,Diana Shipping Inc.
EBS,Emergent BioSolutions Inc.
RC,Ready Capital Corporation
JENA,Jena Acquisition Corporation II
MSB,Mesabi Trust
RM,Regional Management Corp.
QLEP,Quantum Leap Acquisition Corp
SAR,Saratoga Investment Corp.
XPER,Xperi Inc.
LDI,"loanDepot, Inc."
CBNA,"Chain Bridge Bancorp, Inc."
JILL,"J.Jill, Inc."
KLC,"KinderCare Learning Companies, Inc."
KWY,Kingsway Corporation
MTNE,CH4 Natural Solutions Corporation
DBI,Designer Brands Inc.
KPET,KPET Ultra Paceline Corporation
ONIT,Onity Group Inc.
BGS,"B&G Foods, Inc."
SAMO,Samos Energy Acquisition Corporation
BRT,BRT Apartments Corp.
FTRA,FutureCorp Space Acquisition 1
LVWR,"LiveWire Group, Inc."
PAII,Pyrophyte Acquisition Corp. II
XPOF,"Xponential Fitness, Inc."
YSG,Yatsen Holding Limited
ZH,Zhihu Inc.
TG,Tredegar Corporation
LAW,"CS Disco, Inc."
SMRT,"SmartRent, Inc."
ACRE,Ares Commercial Real Estate Corporation
MBI,MBIA Inc.
SMHI,SEACOR Marine Holdings Inc.
USNA,"USANA Health Sciences, Inc."
PNAQ,Pinnacle Acquisition Corporation
SCM,Stellus Capital Investment Corporation
PNNT,PennantPark Investment Corporation
ARL,"American Realty Investors, Inc."
NUS,"Nu Skin Enterprises, Inc."
CMTG,"Claros Mortgage Trust, Inc."
FF,FutureFuel Corp.
COPL,Copley Acquisition Corp
BIII,Black Spade Acquisition III Co
IRAB,Iris Acquisition Corp II
FC,Franklin Covey Co.
DGAC,Disciplined Growth Acquisition Corporation
DGAC.RT,Disciplined Growth Acquisition Corporation
CURV,Torrid Holdings Inc.
TPVG,TriplePoint Venture Growth BDC Corp.
BRCC,BRC Inc.
MITT,"TPG Mortgage Investment Trust, Inc."
JELD,"JELD-WEN Holding, Inc."
ENHA,Enhanced Group Inc.
OSG,"Octave Specialty Group, Inc."
SSTK,"Shutterstock, Inc."
SRI,"Stoneridge, Inc."
AMWL,American Well Corporation
XYF,X Financial
ALTG,Alta Equipment Group Inc.
BEBE,TGE Value Creative Solutions Corp
CIA,"Citizens, Inc."
SES,SES AI Corporation
AIIA,AI Infrastructure Acquisition Corp.
SPMC,"Sound Point Meridian Capital, Inc."
AOMR,"Angel Oak Mortgage REIT, Inc."
VLN,Valens Semiconductor Ltd.
PERF,Perfect Corp.
UIS,Unisys Corporation
AMPY,Amplify Energy Corp.
DHX,"DHI Group, Inc."
AP,Ampco-Pittsburgh Corporation
UP,Wheels Up Experience Inc.
EAF,GrafTech International Ltd.
BWIV,Blue Water Acquisition Corp. IV
FOA,Finance of America Companies Inc.
GCTS,"GCT Semiconductor Holding, Inc."
DOUG,Douglas Elliman Inc.
NLOP,Net Lease Office Properties
DAVA,Endava plc
WHG,"Westwood Holdings Group, Inc."
EARN,Ellington Credit Company
FIRY,Firy Inc.
SAGU,Shreya Acquisition Group
QRED,Quasaredge Acquisition Corporation
ONL,Orion Properties Inc.
GLED,GalaxyEdge Acquisition Corporation
SITC,SITE Centers Corp.
COOK,"Traeger, Inc."
WPAC,White Pearl Acquisition Corp.
CHPT,"ChargePoint Holdings, Inc."
GHI,Greystone Housing Impact Investors LP
YCY,AA Mission Acquisition Corp. II
OWLT,"Owlet, Inc."
BHR,Braemar Hotels & Resorts Inc.
ELME,Elme Communities
TRAD,Apex Tech Acquisition Inc.
CABO,"Cable One, Inc."
CLPR,Clipper Realty Inc.
TRAK,"ReposiTrak, Inc."
PLUN,Plutonian Acquisition Corp II
UFI,"Unifi, Inc."
XFLH,XFLH Capital Corporation
DLNG,Dynagas LNG Partners LP
OTAI,Starlink AI Acquisition Corporation
OCAC,Ocean Capital Acquisition Corporation
ADCT,ADC Therapeutics SA
NRDY,Nerdy Inc.
SJT,San Juan Basin Royalty Trust
EVTL,Vertical Aerospace Ltd.
MED,"Medifast, Inc."
LANV,Lanvin Group Holdings Limited
AXR,AMREP Corporation
TLYS,"Tilly's, Inc."
RFL,"Rafael Holdings, Inc."
MX,Magnachip Semiconductor Corporation
SRG,Seritage Growth Properties
GETY,"Getty Images Holdings, Inc."
AKA,a.k.a. Brands Holding Corp.
GHG,GreenTree Hospitality Group Ltd.
CHMI,Cherry Hill Mortgage Investment Corporation
ZVIA,Zevia PBC
TSQ,"Townsquare Media, Inc."
TISI,"Team, Inc."
VECA,Vernal Capital Acquisition Corp.
VECA.RT,Vernal Capital Acquisition Corp.
VATE,INNOVATE Corp.
RPT,Rithm Property Trust Inc.
ACR,ACRES Commercial Realty Corp.
CANG,Cango Inc.
SLQT,"SelectQuote, Inc."
BARK,"BARK, Inc."
CMCM,Cheetah Mobile Inc.
ACH,"Accendra Health, Inc."
YRD,Yiren Digital Ltd.
SRL,Scully Royalty Ltd.
CHGG,"Chegg, Inc."
SRFM,Surf Air Mobility Inc.
ZEPP,Zepp Health Corporation
NRT,North European Oil Royalty Trust
ANVS,"Annovis Bio, Inc."
AMTD,AMTD IDEA Group
SBXD,SilverBox Corp IV
PEW,GrabAGun Digital Holdings Inc.
WBX,Wallbox N.V.
AVD,American Vanguard Corporation
CRT,Cross Timbers Royalty Trust
IH,iHuman Inc.
SKIL,Skillsoft Corp.
LITB,"LightInTheBox Holding Co., Ltd."
PVL,Permianville Royalty Trust
BGSF,"BGSF, Inc."
VOC,VOC Energy Trust
STEM,"Stem, Inc."
CATO,The Cato Corporation
GPMT,Granite Point Mortgage Trust Inc.
TGE,The Generation Essentials Group
SQNS,Sequans Communications S.A.
GROV,"Grove Collaborative Holdings, Inc."
SPRU,Spruce Power Holding Corporation
LFT,"Lument Finance Trust, Inc."
CNF,CNFinance Holdings Limited
STG,Sunlands Technology Group
PRT,PermRock Royalty Trust
LOCL,Local Bounti Corporation
FEDU,Four Seasons Education (Cayman) Inc.
AHT,"Ashford Hospitality Trust, Inc."
OPAD,Offerpad Solutions Inc.
CCM,Concord Medical Services Holdings Limited
PSQH,"PSQ Holdings, Inc."
NYC,American Strategic Investment Co.
SST,"System1, Inc."
FENG,Phoenix New Media Limited
MOGU,MOGU Inc.
GWH,"ESS Tech, Inc."
SOS,SOS Limited
EQS,"Equus Total Return, Inc."
MTR,Mesa Royalty Trust
